magnitude,mmi,sig,nst,dmin,gap,depth,latitude,longitude
6.7,6.0,731.0,481.0,0.0,28.6,24.0,14.423,-92.364
7.4,5.0,842.0,138.0,0.0,0.0,225.6,36.502,70.482
6.5,6.0,650.0,0.0,0.735,24.0,20.0,51.5573,-174.767
7.0,9.0,2074.0,0.0,0.349,32.0,10.0,32.7906,130.754
6.9,4.0,738.0,0.0,0.0,0.0,33.3,55.2364,-157.707
6.5,7.0,650.0,371.0,0.0,31.8,10.0,-5.562,122.129
6.8,6.0,714.0,0.0,1.074,23.0,44.0,-5.2005,151.777
6.8,6.0,717.0,0.0,0.791,28.0,15.46,-1.8146,122.58
7.5,8.0,2026.0,0.0,1.649,13.0,20.0,-0.2559,119.846
6.6,4.0,765.0,344.0,0.0,22.6,204.8,36.419,70.743
8.2,7.0,1252.0,0.0,0.0,0.0,35.0,55.3154,-157.829
6.9,6.0,919.0,0.0,2.619,35.0,43.0,38.2296,141.665
6.7,6.0,691.0,243.0,0.0,42.5,17.4,-3.12,127.4
7.6,4.0,896.0,0.0,2.852,10.0,620.56,-10.0598,-71.0184
6.5,6.0,838.0,0.0,0.0,0.0,10.0,49.6388,-127.732
7.8,8.0,1152.0,0.0,0.0,0.0,40.5,-2.52,100.139
6.9,6.0,741.0,0.0,1.487,18.0,35.0,-5.5321,151.5
7.2,6.0,804.0,327.0,0.0,11.7,31.0,-13.698,166.643
7.5,7.0,865.0,321.0,0.0,0.0,31.0,6.033,124.249
7.7,8.0,912.0,427.0,0.0,0.0,60.0,13.049,-88.66
7.0,5.0,802.0,0.0,2.821,15.0,80.0,5.0074,127.517
7.1,7.0,1496.0,553.0,0.0,15.2,40.7,-35.2,-72.217
6.8,3.0,711.0,0.0,2.879,39.0,540.0,-17.8735,-178.927
7.1,7.0,1023.0,744.0,0.0,29.1,10.0,21.799,120.547
7.4,6.0,842.0,626.0,0.0,16.0,173.7,-23.009,-177.232
7.2,7.0,832.0,505.0,0.0,18.4,25.0,-2.486,99.972
6.7,6.0,830.0,0.0,1.395,61.0,10.0,7.5904,-82.8813
6.5,6.0,650.0,156.0,0.0,31.4,33.0,-3.828,152.174
7.8,7.0,936.0,352.0,0.0,19.2,31.0,2.383,97.048
6.8,6.0,722.0,341.0,0.0,15.9,53.0,-5.757,147.098
6.9,3.0,749.0,0.0,2.267,20.0,624.0,-6.6704,123.493
7.1,6.0,826.0,0.0,2.514,16.0,146.0,-6.9746,146.449
6.5,6.0,650.0,487.0,0.0,45.9,35.0,12.025,125.416
8.0,7.0,993.0,460.0,0.0,20.9,24.0,-10.799,165.114
7.0,5.0,754.0,568.0,0.0,61.2,10.0,37.812,142.619
6.5,7.0,656.0,0.0,0.135,58.0,10.0,-42.3205,173.669
6.6,6.0,670.0,463.0,0.0,14.1,96.0,1.885,127.363
6.5,7.0,656.0,0.0,3.909,15.0,12.26,-3.4528,128.37
7.1,6.0,776.0,0.0,3.835,11.0,10.0,-7.2175,154.557
6.7,5.0,712.0,667.0,0.0,10.9,30.0,40.273,142.779
6.6,7.0,670.0,0.0,0.827,46.0,24.0,-30.0528,-177.74
8.6,7.0,2048.0,499.0,0.0,16.6,20.0,2.327,93.063
8.3,7.0,1064.0,576.0,0.0,20.9,10.0,46.592,153.266
6.5,8.0,731.0,0.0,0.778,27.0,13.0,5.2834,96.1678
6.8,4.0,716.0,0.0,1.816,34.0,22.0,-4.3724,101.095
6.9,9.0,887.0,215.0,0.401,34.0,10.0,23.1444,121.307
6.7,5.0,691.0,0.0,6.713,45.0,18.0,-14.9831,-175.51
6.9,3.0,740.0,0.0,4.778,31.0,535.0,-21.1704,174.54
7.1,6.0,779.0,0.0,1.397,18.0,45.0,1.8929,126.522
6.5,7.0,756.0,178.0,0.43,54.0,10.0,23.029,121.348
6.8,5.0,734.0,519.0,0.0,12.5,11.0,-20.244,168.226
7.3,7.0,822.0,0.0,4.126,23.0,16.56,55.0999,164.699
7.9,7.0,1133.0,446.0,0.0,29.1,35.0,-2.625,100.841
6.8,7.0,744.0,338.0,0.0,19.0,18.0,-44.796,167.553
6.5,4.0,652.0,0.0,10.405,19.0,301.0,-18.9204,-176.235
6.7,5.0,715.0,0.0,3.741,22.0,12.0,5.7732,-78.1999
6.7,3.0,691.0,0.0,2.033,19.0,602.75,-9.1825,-71.2574
6.7,6.0,691.0,233.0,0.0,21.5,10.0,-11.128,162.208
7.2,6.0,813.0,280.0,0.0,18.4,32.0,-18.365,168.143
7.6,7.0,929.0,0.0,0.453,16.0,10.0,-4.051,152.597
6.6,8.0,2083.0,548.0,0.0,12.6,14.0,30.308,102.888
7.3,4.0,820.0,430.0,0.0,15.0,595.0,-17.239,178.331
7.9,7.0,1140.0,163.0,0.0,48.4,42.6,36.281,141.111
6.7,3.0,694.0,0.0,1.634,16.0,553.81,-7.2168,123.074
7.2,7.0,809.0,0.0,1.504,38.0,18.98,-0.5858,128.034
6.7,7.0,696.0,277.0,0.0,25.6,12.0,-27.017,-71.022
7.0,6.0,754.0,441.0,0.0,32.2,35.0,11.422,-86.665
6.8,3.0,711.0,136.0,4.678,22.0,630.379,-25.9678,178.363
6.5,5.0,650.0,486.0,0.0,0.0,125.1,-21.663,-68.329
7.2,4.0,1318.0,420.0,0.0,31.4,16.0,41.292,-125.953
6.8,6.0,858.0,639.0,0.0,21.8,10.0,18.958,-81.409
7.1,7.0,1496.0,0.0,0.0,0.0,125.6,59.6204,-153.339
6.5,5.0,668.0,0.0,1.001,17.0,119.0,27.4312,127.367
7.2,7.0,798.0,532.0,0.0,25.9,10.0,35.49,81.467
6.9,5.0,747.0,0.0,1.205,21.0,35.0,0.5126,126.189
6.6,6.0,670.0,444.0,0.0,0.0,39.0,-5.345,151.248
6.6,9.0,670.0,552.0,0.0,44.8,10.0,28.995,58.311
6.9,7.0,737.0,456.0,0.0,15.7,28.0,-5.966,150.428
6.5,6.0,650.0,174.0,0.0,0.0,33.0,-0.578,133.13
7.6,8.0,1152.0,0.0,0.355,29.0,38.0,-43.4064,-73.9413
6.6,5.0,680.0,630.0,0.0,18.4,17.0,11.005,91.824
6.5,8.0,1153.0,0.0,0.225,37.0,19.36,9.5147,-84.4865
6.8,4.0,711.0,0.0,4.395,15.0,11.0,-10.8759,164.169
6.6,7.0,787.0,417.0,0.0,30.1,9.0,-2.482,101.524
6.5,5.0,650.0,322.0,0.0,15.0,35.0,-18.308,168.156
6.5,3.0,650.0,97.0,1.61607,108.0,37.0,52.502,-168.08
7.0,8.0,1245.0,365.0,0.0,15.8,12.0,-43.522,171.83
7.2,7.0,804.0,770.0,0.0,10.1,110.0,46.221,150.788
6.7,6.0,691.0,0.0,6.697,19.0,24.0,-14.0683,166.624
6.7,4.0,698.0,0.0,1.079,25.0,22.0,-37.6478,179.662
7.5,7.0,865.0,324.0,0.0,0.0,33.0,6.898,126.579
7.0,7.0,755.0,640.0,0.0,11.4,66.0,-3.517,138.476
7.2,7.0,1384.0,0.0,0.142,82.0,22.0,16.3855,-97.9787
7.0,7.0,820.0,0.0,1.671,18.0,73.0,-7.847,147.755
7.0,7.0,1052.0,0.0,2.378,35.0,43.0,38.4752,141.607
6.9,8.0,888.0,654.0,0.0,17.1,7.8,39.03,140.881
6.6,2.0,670.0,131.0,4.998,27.0,624.464,-25.5948,178.278
7.0,3.0,755.0,147.0,3.125,18.0,579.0,-20.0508,-178.346
6.7,7.0,704.0,481.0,0.0,30.3,45.0,-22.954,-70.182
6.6,7.0,671.0,0.0,2.486,13.0,18.0,-0.6212,131.262
6.6,7.0,671.0,0.0,4.591,14.0,17.0,56.9401,162.786
7.2,7.0,799.0,0.0,0.958,17.0,177.0,53.9776,158.546
7.5,7.0,872.0,0.0,0.666,19.0,41.0,-4.7294,152.562
6.9,5.0,740.0,544.0,0.0,25.9,24.0,13.351,125.63
7.2,6.0,802.0,385.0,0.0,27.9,39.2,6.91,92.958
8.16,9.0,1024.0,0.0,0.0,0.0,27.0,41.815,143.91
6.5,7.0,1018.0,0.0,0.0,0.0,11.0,38.67,20.6
6.6,5.0,672.0,0.0,3.183,18.0,13.23,54.7018,163.208
6.6,4.0,673.0,0.0,5.086,48.0,10.0,-18.5747,-175.272
6.6,7.0,670.0,518.0,0.0,24.7,10.0,19.917,95.672
6.9,5.0,732.0,733.0,0.0,26.7,174.8,55.492,159.999
6.8,7.0,711.0,385.0,0.0,0.0,16.0,-9.613,159.53
6.9,5.0,734.0,374.0,0.0,24.1,25.0,2.872,127.464
7.2,7.0,1449.0,372.0,0.0,25.3,68.0,28.777,63.951
6.6,7.0,736.0,255.0,0.0,27.8,18.0,-36.665,-73.374
6.5,7.0,653.0,272.0,0.0,27.6,18.0,-8.224,118.467
6.9,7.0,1642.0,0.0,0.356,39.0,28.0,-33.0375,-72.0617
7.5,5.0,1623.0,0.0,4.581,12.0,19.0,17.4825,-83.52
6.6,6.0,672.0,280.0,0.0,26.9,16.0,-10.95,162.149
6.6,7.0,1064.0,0.0,0.913,16.0,7.0,36.9293,27.4139
6.9,9.0,773.0,410.0,0.0,14.9,17.0,33.165,96.548
8.4,6.0,1086.0,411.0,0.0,32.3,34.0,-4.438,101.367
6.8,9.0,711.0,534.0,0.0,19.4,12.0,36.964,3.634
7.1,8.0,1092.0,0.0,3.144,12.0,19.04,9.8796,124.117
7.9,9.0,1870.0,774.0,0.0,11.3,19.0,31.002,103.322
6.7,6.0,691.0,253.0,0.0,40.3,12.0,-1.034,126.976
7.1,5.0,776.0,0.0,2.548,23.0,21.43,-22.0295,170.126
6.6,7.0,670.0,420.0,0.0,0.0,54.0,-30.805,-71.124
7.1,6.0,780.0,334.0,0.0,16.5,21.0,-10.928,166.018
6.6,7.0,670.0,697.0,0.0,15.3,11.0,67.631,142.508
6.6,5.0,674.0,0.0,0.788,29.0,22.0,-21.6484,168.859
6.6,4.0,670.0,0.0,2.679,31.0,10.0,-22.0629,169.733
6.5,5.0,652.0,0.0,1.549,9.0,35.0,2.2999,127.056
7.5,6.0,865.0,0.0,3.82,16.0,43.37,-6.7547,155.024
7.8,3.0,948.0,0.0,7.009,20.0,24.0,-4.9521,94.3299
6.9,6.0,744.0,0.0,0.821,43.0,10.0,-29.5097,-72.0585
6.5,7.0,657.0,0.0,1.53,21.0,20.0,-8.3381,124.875
6.6,9.0,1075.0,0.0,1.13,32.0,35.0,42.6861,141.929
6.5,5.0,651.0,0.0,15.394,31.0,10.0,0.8696,-29.7046
6.6,5.0,762.0,0.0,0.914,94.0,27.0,11.5538,-86.9919
6.6,8.0,670.0,782.0,0.0,37.0,16.0,37.226,138.779
6.5,3.0,739.0,0.0,3.276,26.0,402.0,29.9377,138.833
6.5,5.0,650.0,0.0,0.409,20.0,122.0,-15.0691,167.372
6.5,6.0,657.0,478.0,0.0,21.2,30.0,-1.714,99.779
7.0,9.0,1623.0,500.0,0.0,22.7,13.0,18.443,-72.571
6.5,9.0,1390.0,65.0,0.04685,71.0,8.382,35.7005,-121.101
7.0,7.0,755.0,0.0,0.616,14.0,24.0,-16.0429,167.379
7.7,6.0,1812.0,0.0,1.657,26.0,14.86,19.4193,-78.756
7.0,4.0,869.0,0.0,2.501,42.0,267.0,-14.7131,-70.1546
6.7,7.0,833.0,596.0,0.0,13.4,12.0,51.708,95.991
7.2,6.0,798.0,427.0,0.0,0.0,21.0,-17.6,167.856
6.7,5.0,696.0,503.0,0.0,26.9,30.0,-1.999,100.141
6.6,3.0,670.0,0.0,8.865,19.0,7.0,-60.1023,-24.4608
6.7,5.0,692.0,0.0,6.787,25.0,27.59,-13.9805,166.594
7.5,6.0,871.0,0.0,2.405,18.0,10.0,-21.9496,169.427
6.6,6.0,670.0,386.0,0.0,0.0,10.0,-17.664,168.004
6.7,4.0,691.0,20.0,0.0,205.2,33.0,52.48,-167.736
6.8,3.0,715.0,0.0,1.181,16.0,570.41,-8.144,-71.587
6.5,2.0,653.0,236.0,1.999,31.0,622.73,-9.0618,-71.1647
7.1,4.0,872.0,0.0,3.968,10.0,35.0,37.1557,144.661
6.7,5.0,691.0,386.0,0.0,27.6,65.8,-9.362,122.839
6.5,6.0,1171.0,599.0,0.0,54.1,20.0,18.229,-102.689
6.7,5.0,731.0,695.0,0.0,20.9,34.0,0.587,98.459
6.7,6.0,856.0,312.0,0.0,34.7,18.0,-36.217,-73.257
7.5,7.0,870.0,301.0,0.0,33.8,10.0,-8.152,124.868
7.0,7.0,754.0,254.0,0.0,0.0,33.0,-5.912,150.196
6.7,6.0,934.0,769.0,0.0,19.7,66.0,36.311,23.212
6.5,5.0,692.0,650.0,0.0,30.7,28.0,36.345,21.863
7.0,9.0,891.0,412.0,0.0,23.2,11.0,-21.324,33.583
6.8,6.0,711.0,459.0,0.0,28.4,38.0,-6.759,155.512
6.9,8.0,1704.0,0.0,2.271,15.0,34.0,-8.2581,116.438
6.9,7.0,741.0,0.0,0.579,54.0,93.0,-14.892,167.085
6.6,4.0,734.0,0.0,2.015,18.0,165.0,28.9386,128.262
6.7,7.0,691.0,518.0,0.0,26.9,29.0,-32.625,-71.365
6.8,7.0,825.0,0.0,0.546,39.0,18.0,6.6969,125.174
7.4,6.0,842.0,221.0,0.0,0.0,36.0,-4.68,102.562
6.6,6.0,670.0,384.0,0.0,25.1,35.0,-5.581,150.88
6.7,8.0,691.0,333.0,0.0,0.0,11.0,-3.212,142.427
7.9,7.0,972.0,0.0,1.389,13.0,94.54,-4.5049,153.522
7.4,8.0,1752.0,672.0,0.0,37.9,20.0,16.493,-98.231
6.6,6.0,976.0,0.0,1.168,21.0,21.0,35.1456,31.9095
6.7,6.0,696.0,392.0,0.0,18.7,35.0,-10.627,161.447
6.6,5.0,791.0,0.0,2.978,32.0,10.0,-18.2242,120.358
6.9,6.0,734.0,0.0,1.166,25.0,26.0,-14.3235,166.855
6.9,7.0,1280.0,415.0,0.0,12.5,11.0,-34.29,-71.891
6.5,5.0,652.0,286.0,0.0,47.3,39.7,4.756,126.421
8.0,7.0,1013.0,626.0,0.0,20.7,55.0,-20.187,-174.123
7.0,6.0,913.0,471.0,0.0,26.9,147.0,-7.641,-74.525
6.5,4.0,659.0,403.0,0.0,11.1,220.0,-5.486,146.822
7.8,9.0,2820.0,0.0,1.857,12.0,8.22,28.2305,84.7314
6.7,6.0,693.0,398.0,0.0,22.3,21.0,1.819,97.082
6.5,4.0,650.0,0.0,11.764,25.0,24.0,-28.4792,-176.619
7.8,9.0,1163.0,0.0,1.44,15.0,20.59,0.3819,-79.9218
7.3,6.0,820.0,486.0,0.0,13.4,33.0,-20.071,168.892
6.8,5.0,713.0,494.0,0.0,23.9,21.0,-3.899,101.02
7.1,7.0,776.0,439.0,0.0,28.8,10.0,-3.609,135.404
7.6,8.0,965.0,272.0,3.158,12.0,116.0,-6.2237,146.471
8.1,8.0,1025.0,439.0,0.0,14.7,24.0,-8.466,157.043
7.1,6.0,779.0,426.0,0.0,25.3,34.0,-20.617,169.357
6.7,4.0,691.0,521.0,0.0,13.7,200.7,-14.344,167.286
6.9,5.0,910.0,519.0,0.0,21.1,27.0,36.164,141.526
8.1,5.0,1034.0,606.0,0.0,14.0,10.0,46.243,154.524
6.8,3.0,733.0,0.0,5.32,16.0,559.0,-20.6588,-63.0058
6.8,6.0,711.0,545.0,0.0,15.7,36.0,-10.951,162.161
6.8,7.0,744.0,561.0,0.0,20.0,22.0,-6.224,29.83
6.6,5.0,671.0,0.0,1.872,20.0,22.0,-9.3438,158.053
6.7,8.0,1600.0,0.0,0.173,22.0,63.0,-30.0404,-71.3815
6.8,6.0,711.0,292.0,0.0,0.0,24.9,16.985,-100.865
6.5,4.0,650.0,0.0,7.994,24.0,25.0,-30.2144,-177.773
6.5,4.0,651.0,0.0,5.194,22.0,371.0,-17.1171,-176.545
6.5,4.0,650.0,260.0,0.0,0.0,30.0,14.101,146.199
6.5,7.0,998.0,0.0,2.365,28.0,90.0,-7.4921,108.174
7.8,7.0,1726.0,807.0,0.0,42.7,14.0,52.788,-132.101
7.1,8.0,1790.0,0.0,0.0,0.0,46.7,61.3464,-149.955
6.6,5.0,692.0,0.0,1.98,44.0,9.45,26.0913,-110.321
6.9,6.0,1144.0,0.0,0.671,10.0,9.0,37.3931,141.387
6.7,6.0,696.0,543.0,0.0,15.1,25.0,-2.245,99.808
6.9,7.0,798.0,466.0,0.0,31.6,10.0,21.974,120.493
6.6,4.0,671.0,0.0,7.818,18.0,35.0,-13.336,166.875
8.1,8.0,1021.0,0.0,0.739,21.0,28.93,-29.7466,-177.224
7.1,3.0,776.0,0.0,3.77,12.0,630.0,-11.0355,-70.8284
7.1,5.0,945.0,672.0,0.0,12.4,206.7,-1.266,-77.306
6.5,5.0,708.0,598.0,0.0,57.3,20.0,14.129,-92.164
6.6,4.0,1120.0,0.0,1.405,55.0,8.45,40.4535,-126.194
6.7,3.0,691.0,0.0,2.705,17.0,461.0,52.8549,153.243
7.0,6.0,754.0,445.0,0.0,17.5,8.8,-10.499,165.588
7.8,8.0,1165.0,434.0,0.0,16.8,12.0,-45.762,166.562
6.8,5.0,711.0,0.0,3.619,18.0,10.0,-11.1093,163.215
7.2,7.0,1054.0,397.0,0.0,30.1,24.0,-38.355,-73.326
7.6,7.0,889.0,0.0,2.828,13.0,22.56,-11.2701,162.148
7.7,7.0,916.0,283.0,0.0,23.2,45.0,-13.006,166.51
7.5,6.0,868.0,0.0,7.227,38.0,47.23,-57.5959,-25.1874
6.8,7.0,841.0,0.0,0.258,41.0,46.0,-30.8796,-71.4519
6.9,3.0,737.0,702.0,0.0,20.9,28.0,-16.592,-172.033
6.6,6.0,670.0,0.0,3.803,11.0,29.0,-6.6558,155.087
6.5,6.0,654.0,0.0,1.64,21.0,36.0,-10.3506,161.335
6.7,6.0,708.0,0.0,2.188,43.0,28.0,-0.6831,98.6034
6.6,7.0,780.0,0.0,0.646,24.0,15.0,6.7567,125.008
6.8,7.0,954.0,0.0,2.268,15.0,14.0,37.5203,20.5565
7.6,7.0,891.0,502.0,0.0,20.0,90.0,-4.539,153.474
7.6,7.0,893.0,567.0,0.0,33.5,17.0,-29.539,-176.34
6.8,6.0,747.0,653.0,0.0,17.6,15.0,2.966,-77.963
7.2,7.0,1104.0,698.0,0.0,19.6,36.0,38.276,142.039
6.5,1.0,651.0,0.0,5.139,18.0,576.0,-25.415,178.199
6.5,3.0,653.0,0.0,4.242,14.0,595.98,-19.2814,-63.9047
7.5,5.0,879.0,0.0,4.109,12.0,57.8,48.9638,157.695
6.5,6.0,679.0,698.0,0.0,27.0,30.0,11.763,-86.926
7.2,5.0,798.0,312.0,0.0,21.3,35.0,-11.61,165.762
6.6,6.0,670.0,306.0,0.0,18.5,33.0,-6.001,149.977
6.7,5.0,691.0,272.0,0.0,0.0,33.0,-12.592,166.383
6.9,4.0,732.0,0.0,6.393,12.0,13.0,0.8295,146.169
6.7,8.0,776.0,0.0,2.043,22.0,10.0,51.2407,100.443
7.8,7.0,1111.0,0.0,0.621,60.0,28.0,55.1079,-158.477
7.0,5.0,755.0,578.0,0.0,13.3,9.0,-20.628,168.471
6.8,3.0,712.0,0.0,5.78,12.0,535.0,-23.7852,-179.968
8.6,8.0,1138.0,510.0,0.0,22.1,30.0,2.085,97.108
6.5,4.0,706.0,0.0,2.421,9.0,20.0,37.0052,142.452
6.5,4.0,686.0,0.0,1.218,20.0,20.0,13.8672,-58.5479
7.0,5.0,772.0,271.0,0.0,15.1,26.0,-4.963,133.76
7.2,5.0,876.0,144.0,2.494,40.0,236.0,-14.8628,-70.3081
6.5,6.0,653.0,576.0,0.0,11.7,41.0,-4.651,153.173
7.4,5.0,842.0,409.0,0.0,17.6,35.0,-37.773,-75.048
7.1,5.0,782.0,585.0,0.0,14.7,10.0,-46.676,164.721
6.5,5.0,650.0,586.0,0.0,71.3,25.0,42.45,144.38
6.6,5.0,674.0,0.0,0.507,49.0,19.0,52.6252,-168.15
6.8,7.0,711.0,596.0,0.0,0.0,50.0,34.083,132.526
6.6,2.0,684.0,0.0,1.458,14.0,533.76,-5.6368,110.678
6.5,8.0,1297.0,0.0,2.36,15.0,29.0,-22.6784,25.1558
6.5,2.0,650.0,0.0,4.765,25.0,577.0,-21.9449,-179.511
6.6,5.0,703.0,336.0,0.0,14.1,53.0,32.821,140.395
6.6,6.0,672.0,68.0,5.293,34.0,30.0,-32.6922,-178.959
6.8,6.0,711.0,424.0,0.0,21.4,34.0,29.218,129.782
6.8,5.0,711.0,174.0,0.0,30.2,35.0,-13.298,165.91
6.5,3.0,743.0,0.0,2.719,23.0,529.0,-7.3718,119.802
6.6,6.0,670.0,402.0,0.0,17.7,25.0,-5.437,151.84
6.9,4.0,738.0,0.0,2.697,42.0,10.0,-22.72,170.277
6.6,7.0,670.0,282.0,0.0,46.9,21.0,-37.695,-73.406
6.7,7.0,1551.0,572.0,0.0,11.1,11.0,9.999,123.206
6.8,6.0,790.0,649.0,0.0,27.0,122.9,-2.312,-77.838
6.5,7.0,652.0,0.0,4.797,10.0,9.0,-16.0315,168.143
6.9,9.0,1154.0,335.0,0.0,18.2,8.0,20.687,99.822
6.7,5.0,714.0,0.0,1.925,20.0,23.0,39.8558,142.881
6.8,6.0,715.0,0.0,1.599,19.0,12.59,-8.8994,158.422
6.8,5.0,713.0,348.0,0.0,15.5,40.0,-4.99,153.5
7.3,7.0,820.0,390.0,0.0,23.0,10.0,-4.003,135.023
6.7,5.0,724.0,0.0,0.46,11.0,130.0,13.7641,144.429
7.4,7.0,848.0,365.0,0.0,33.7,30.0,1.271,122.091
6.5,5.0,650.0,0.0,3.702,42.0,10.0,-15.8815,-178.6
6.6,6.0,691.0,0.0,1.984,40.0,40.0,35.5142,23.2523
6.5,6.0,655.0,423.0,0.0,12.6,37.0,-6.57,147.881
7.0,7.0,799.0,0.0,0.903,13.0,28.41,-31.5622,-71.4262
6.7,5.0,691.0,0.0,0.748,43.0,26.59,-29.9414,-177.607
7.3,6.0,952.0,0.0,2.629,16.0,212.0,-6.4078,129.169
6.7,3.0,691.0,217.0,0.0,25.2,624.0,52.235,151.444
7.9,8.0,963.0,0.0,0.133,22.0,109.0,51.8486,178.735
6.8,6.0,716.0,0.0,3.727,11.0,42.0,-6.0033,148.887
7.4,7.0,843.0,0.0,0.437,30.0,43.0,-29.6131,-177.842
7.4,7.0,1455.0,751.0,0.0,25.5,24.0,13.988,-91.895
7.8,6.0,936.0,195.0,0.0,20.3,35.0,-12.517,166.382
6.9,5.0,825.0,0.0,0.0,0.0,25.5,37.55,142.714
7.1,6.0,776.0,0.0,4.415,13.0,434.0,-19.6903,-177.759
6.8,7.0,711.0,400.0,0.0,17.5,12.0,-10.838,165.969
7.1,6.0,787.0,564.0,0.0,12.3,28.0,-18.311,168.218
6.6,8.0,2840.0,0.0,0.174,25.0,8.0,42.8621,13.0961
6.7,7.0,806.0,0.0,0.289,32.0,24.0,23.3421,121.636
7.0,7.0,768.0,537.0,0.0,23.1,22.0,-2.13,99.627
8.3,5.0,1115.0,385.0,0.0,10.0,598.1,54.892,153.221
6.6,5.0,670.0,0.0,3.34,10.0,106.0,-21.4542,170.355
6.6,7.0,733.0,0.0,1.778,16.0,10.0,28.2244,84.8216
6.5,5.0,650.0,0.0,2.045,16.0,6.43,-9.3293,157.877
7.7,8.0,2015.0,0.0,7.241,17.0,15.0,26.951,65.5009
7.3,7.0,831.0,397.0,0.0,18.2,35.0,-5.931,150.59
7.0,7.0,1527.0,0.0,1.518,18.0,21.0,37.8973,26.7953
7.0,7.0,874.0,403.0,0.0,17.1,18.0,-34.326,-71.799
6.5,4.0,655.0,0.0,1.692,68.0,10.0,49.297,-129.724
6.9,5.0,732.0,0.0,4.838,25.0,8.0,-55.4703,-28.3669
7.3,7.0,820.0,667.0,0.0,24.5,16.0,50.038,87.813
6.7,9.0,1481.0,43.0,0.0,124.0,38.182,19.877,-155.935
7.0,5.0,761.0,406.0,0.0,15.3,185.1,-20.671,169.716
6.5,7.0,657.0,353.0,0.0,27.5,20.0,-8.292,118.37
6.6,6.0,785.0,0.0,2.418,22.0,33.0,-6.9291,105.251
6.8,6.0,713.0,338.0,0.0,15.0,15.4,-9.019,157.551
8.2,8.0,1332.0,0.0,0.609,23.0,25.0,-19.6097,-70.7691
6.5,4.0,650.0,0.0,3.997,14.0,187.0,-13.8633,167.249
6.7,6.0,753.0,369.0,0.0,14.9,20.0,-1.479,99.49
7.9,7.0,987.0,0.0,3.625,9.0,135.0,-6.2464,155.172
7.6,7.0,889.0,551.0,0.0,0.0,24.0,18.77,-104.104
7.8,7.0,1020.0,714.0,0.0,16.1,115.6,-19.987,-69.197
6.9,7.0,732.0,305.0,0.0,15.3,10.0,-7.306,155.741
6.5,6.0,723.0,521.0,0.0,27.6,83.0,16.357,-94.304
6.7,6.0,691.0,453.0,0.0,0.0,34.0,-4.786,153.275
7.1,6.0,834.0,485.0,0.0,10.6,135.0,-7.551,146.809
6.5,5.0,661.0,0.0,4.449,10.0,110.57,-4.2433,143.485
6.6,6.0,671.0,0.0,3.403,12.0,107.0,-12.0662,166.648
7.5,8.0,1094.0,0.0,4.951,40.0,126.0,-4.4898,-76.8461
6.7,8.0,782.0,493.0,0.0,23.9,8.0,37.336,136.588
6.5,5.0,651.0,0.0,1.154,11.0,119.0,52.3909,176.769
7.2,4.0,838.0,443.0,0.0,17.0,19.0,2.433,93.21
7.6,5.0,957.0,0.0,3.287,10.0,606.21,-10.5372,-70.9437
6.9,4.0,742.0,0.0,2.495,13.0,12.0,-19.3733,176.052
7.0,5.0,840.0,577.0,0.0,18.2,22.0,37.552,142.214
7.4,7.0,842.0,314.0,0.0,20.2,31.1,-13.093,166.497
6.9,6.0,875.0,0.0,2.839,23.0,49.0,-7.2822,104.791
6.7,6.0,705.0,698.0,0.0,24.7,94.0,24.53,122.694
6.5,7.0,707.0,0.0,11.411,22.0,9.0,33.1926,103.855
7.6,7.0,1165.0,0.0,0.23,36.0,28.37,54.662,-159.675
6.5,4.0,651.0,0.0,5.931,20.0,246.0,-21.6857,-177.064
6.6,7.0,670.0,545.0,0.0,17.6,15.0,51.842,95.911
7.7,7.0,918.0,288.0,0.0,29.8,17.0,-0.414,132.885
6.5,6.0,655.0,0.0,0.576,22.0,33.93,51.4234,-178.026
6.7,4.0,693.0,0.0,7.853,19.0,10.0,71.6312,-11.2431
6.6,3.0,677.0,0.0,2.022,16.0,614.0,-4.8626,108.163
6.5,7.0,1360.0,51.0,0.3225,220.0,28.737,40.652,-124.692
6.9,6.0,732.0,0.0,3.934,15.0,615.42,-19.8015,-178.4
6.5,7.0,693.0,229.0,0.0,20.0,17.0,-41.704,174.337
6.7,7.0,691.0,462.0,0.0,0.0,62.0,-27.535,-70.586
6.9,5.0,732.0,798.0,0.0,31.2,188.6,55.682,160.003
6.9,7.0,951.0,0.0,0.402,25.0,6.43,40.2893,25.3889
7.5,8.0,943.0,0.0,5.48,17.0,25.21,-6.0699,142.754
6.5,8.0,1320.0,27.0,0.357,55.79,2.7,38.1689,-117.85
6.9,7.0,988.0,382.0,0.0,34.7,26.0,-36.422,-72.96
7.3,6.0,830.0,0.0,1.402,11.0,46.0,-30.6441,-178.1
6.8,4.0,779.0,664.0,0.0,18.2,350.4,36.808,134.85
7.2,7.0,802.0,432.0,0.0,18.6,20.0,3.886,126.387
6.5,6.0,650.0,700.0,0.0,47.4,43.0,51.148,157.522
6.6,4.0,676.0,225.0,0.0,78.5,27.8,34.064,141.491
6.5,6.0,678.0,0.0,1.293,19.0,10.0,34.1818,25.7101
6.5,6.0,650.0,264.0,0.0,16.6,10.0,-3.898,152.127
6.8,6.0,831.0,0.0,1.422,8.0,35.0,38.9056,142.032
6.7,6.0,731.0,358.0,0.0,33.9,21.0,-35.38,-72.834
6.6,6.0,671.0,0.0,3.557,13.0,53.19,-5.9873,148.232
7.3,6.0,1221.0,934.0,0.0,15.5,170.0,1.929,-76.362
6.9,3.0,733.0,0.0,5.485,19.0,405.69,-21.9724,-178.204
6.5,6.0,650.0,316.0,0.0,0.0,24.0,13.626,-90.774
6.8,6.0,947.0,0.0,0.817,35.0,25.0,-34.2364,-72.3102
7.3,6.0,932.0,0.0,0.918,24.0,10.0,-37.596,179.544
6.6,7.0,670.0,111.0,0.0,16.0,10.0,10.701,-42.594
7.2,8.0,2331.0,0.0,1.178,23.0,10.0,18.3521,-73.4804
6.6,7.0,693.0,0.0,1.697,20.0,17.0,39.2732,73.9776
6.7,4.0,691.0,50.0,0.936943,126.0,33.0,52.48,-167.736
8.8,8.0,1991.0,454.0,0.0,17.8,22.9,-36.122,-72.898
7.1,6.0,799.0,0.0,1.271,11.0,33.0,1.6213,126.416
6.7,6.0,700.0,0.0,2.11,16.0,223.0,-23.1125,-66.688
6.7,6.0,797.0,145.0,1.151,37.0,20.0,7.6712,-82.3396
7.3,8.0,2397.0,0.0,2.936,29.0,41.0,37.7015,141.587
9.1,8.0,2184.0,541.0,0.0,9.5,29.0,38.297,142.373
6.9,7.0,745.0,0.0,0.0,0.0,36.4,56.7744,-153.281
6.6,5.0,670.0,0.0,3.246,12.0,23.0,-6.5108,154.46
6.5,6.0,651.0,358.0,0.0,20.7,21.0,2.164,96.786
6.5,5.0,650.0,0.0,4.629,36.0,11.0,-15.4994,-173.029
8.1,6.0,1055.0,520.0,0.0,20.8,18.0,-15.489,-172.095
7.3,7.0,1563.0,0.0,0.677,11.0,15.0,27.8087,86.0655
6.5,6.0,651.0,480.0,0.0,20.7,29.0,50.958,157.408
6.7,5.0,693.0,269.0,0.0,13.8,64.0,-5.157,153.782
6.6,7.0,678.0,0.0,2.353,18.0,12.0,-1.2923,120.431
6.8,6.0,711.0,444.0,0.0,33.8,36.0,2.908,95.592
6.8,5.0,762.0,162.0,1.505,30.0,220.0,-23.6141,-66.7236
7.4,5.0,842.0,594.0,0.0,27.5,10.0,33.184,137.071
7.1,7.0,776.0,257.0,0.0,0.0,85.7,13.088,144.619
7.6,8.0,1799.0,271.0,1.153,69.0,26.943,18.3667,-103.252
6.5,6.0,674.0,0.0,0.388,49.0,16.0,-27.9285,-71.3937
7.6,7.0,889.0,375.0,0.0,0.0,10.0,-1.757,134.297
6.8,7.0,724.0,759.0,0.0,23.6,35.0,42.9,145.228
6.7,5.0,935.0,0.0,8.139,12.0,110.0,13.6989,120.713
6.9,7.0,847.0,474.0,0.0,46.5,24.0,-14.438,-75.966
6.6,4.0,672.0,0.0,1.596,33.0,43.21,2.258,126.758
6.8,7.0,1441.0,67.0,0.0,31.0,51.798,47.149,-122.727
6.6,5.0,676.0,0.0,0.529,21.0,13.0,-21.5027,168.598
6.5,6.0,651.0,0.0,1.638,25.0,68.0,-10.0207,161.503
7.2,6.0,918.0,611.0,0.0,20.6,38.0,3.748,96.018
7.8,9.0,936.0,368.0,0.0,0.0,10.0,35.946,90.541
6.5,7.0,718.0,0.0,2.822,36.0,15.0,9.9071,125.452
6.7,6.0,691.0,422.0,0.0,0.0,24.0,-17.745,-71.649
7.4,7.0,842.0,514.0,0.0,78.8,33.0,41.774,143.593
6.5,3.0,650.0,0.0,3.651,22.0,44.26,-32.9076,-177.881
7.3,6.0,820.0,457.0,0.0,0.0,33.0,-10.491,160.77
6.7,7.0,718.0,0.0,1.008,44.0,20.0,-19.9807,-70.7022
7.0,7.0,771.0,929.0,0.0,23.9,39.0,43.006,145.119
6.8,5.0,713.0,551.0,0.0,26.2,150.0,-15.798,167.789
7.4,8.0,1494.0,0.0,0.151,30.0,20.0,15.9163,-95.9533
6.6,6.0,671.0,0.0,2.435,16.0,50.0,-2.0967,100.665
6.7,5.0,776.0,352.0,0.0,50.3,13.0,24.696,-109.156
6.5,7.0,733.0,0.0,0.428,19.0,10.0,6.9098,125.178
6.6,8.0,1043.0,141.0,8.454,34.0,12.0,29.7263,102.279
7.2,5.0,799.0,0.0,4.823,14.0,16.37,-22.4765,173.117
7.1,7.0,776.0,426.0,0.0,0.0,35.0,1.271,126.249
6.6,5.0,675.0,291.0,0.0,17.7,13.0,-4.892,134.03
6.6,6.0,670.0,352.0,0.0,18.6,11.0,-6.482,151.195
7.6,5.0,1115.0,682.0,0.0,10.2,28.0,10.811,126.638
6.6,6.0,670.0,419.0,0.0,27.8,33.0,-5.095,152.502
8.0,8.0,1385.0,625.0,0.0,25.7,39.0,-13.386,-76.603
6.5,5.0,654.0,247.0,0.0,25.5,14.0,-16.527,176.989
6.8,7.0,771.0,596.0,0.0,19.3,45.0,-28.094,-70.653
6.5,5.0,650.0,605.0,0.0,0.0,123.8,39.402,141.089
7.6,7.0,889.0,428.0,0.0,0.0,13.0,-3.302,142.945
7.9,4.0,979.0,0.0,1.431,12.0,670.81,-18.4743,179.35
6.7,4.0,710.0,515.0,0.0,24.0,9.0,-10.004,107.236
6.5,6.0,654.0,429.0,0.0,28.3,22.0,-2.405,99.931
6.7,5.0,708.0,0.0,1.256,123.0,10.0,24.913,-109.623
6.9,5.0,740.0,399.0,0.0,12.1,21.0,-10.878,161.116
6.6,6.0,765.0,0.0,0.41,35.0,85.0,15.8015,-93.633
6.7,7.0,718.0,0.0,0.853,35.0,23.0,-31.5173,-71.804
6.5,6.0,650.0,646.0,0.0,0.0,21.0,13.036,93.068
6.7,5.0,691.0,0.0,1.529,11.0,12.0,-9.307,158.403
6.8,4.0,711.0,0.0,2.308,12.0,5.0,54.0312,170.92
6.5,7.0,664.0,0.0,0.283,56.0,9.0,-42.6058,173.254
6.6,5.0,670.0,475.0,0.0,26.2,113.7,-19.262,168.892
7.7,7.0,995.0,610.0,0.0,22.4,40.0,-22.247,-69.89
7.6,6.0,889.0,315.0,0.0,25.2,10.0,-60.532,-43.411
7.7,8.0,1421.0,506.0,0.0,26.6,80.0,28.033,61.996
6.5,4.0,650.0,424.0,0.0,29.9,228.4,-13.174,167.198
6.6,5.0,719.0,446.0,0.0,21.1,27.0,11.245,-86.172
7.0,6.0,758.0,0.0,1.778,18.0,39.0,-5.7012,151.205
7.5,5.0,874.0,570.0,0.0,21.6,22.0,1.065,126.282
7.3,7.0,850.0,405.0,0.0,20.2,25.0,-17.541,168.069
6.8,7.0,716.0,285.0,0.0,40.1,26.0,-22.925,-70.237
7.5,7.0,1018.0,696.0,0.0,26.2,115.0,-5.678,-76.398
6.9,5.0,732.0,0.0,0.751,35.0,20.0,-29.9772,-177.725
7.1,7.0,843.0,0.0,4.446,17.0,40.0,-15.8385,-74.5112
6.6,5.0,670.0,491.0,0.0,11.5,31.0,-6.475,154.607
7.1,5.0,793.0,573.0,0.0,12.0,23.0,-17.827,167.133
6.6,6.0,703.0,323.0,0.0,48.2,14.0,28.164,-112.117
6.5,4.0,650.0,0.0,3.923,14.0,20.0,49.2902,156.297
7.3,6.0,820.0,398.0,0.0,43.0,11.0,-60.857,-25.07
6.7,7.0,697.0,0.0,5.457,19.0,20.49,-6.3043,142.612
7.7,4.0,918.0,0.0,7.989,15.0,10.0,-23.2787,171.489
7.2,5.0,798.0,643.0,0.0,28.4,14.0,33.07,136.618
6.5,6.0,650.0,405.0,0.0,48.4,33.0,8.416,-82.824
6.6,8.0,784.0,0.0,5.128,14.0,10.0,12.0065,124.13
6.6,3.0,670.0,0.0,2.6,9.0,614.0,6.1572,123.126
6.7,7.0,708.0,279.0,0.0,24.3,12.0,28.412,59.18
8.2,7.0,2910.0,0.0,0.944,22.0,47.39,15.0222,-93.8993
6.5,8.0,1410.0,0.0,0.885,31.0,12.06,44.4646,-115.118
6.5,7.0,698.0,390.0,0.0,17.7,27.0,-19.394,-70.321
6.6,7.0,805.0,401.0,0.0,22.9,10.0,33.807,130.131
7.0,7.0,1000.0,474.0,0.0,95.9,13.0,28.696,-113.104
7.9,9.0,1750.0,0.0,0.0,0.0,4.2,63.5141,-147.453
6.5,5.0,650.0,0.0,7.568,18.0,38.0,-58.6262,-25.304
6.6,4.0,670.0,0.0,12.896,19.0,16.0,-60.2152,-26.5801
6.9,7.0,1202.0,243.0,0.0,35.0,10.0,29.039,-112.903
6.6,6.0,670.0,421.0,0.0,16.6,18.0,-10.994,165.741
6.8,6.0,711.0,509.0,0.0,30.1,147.0,-22.361,-67.895
7.0,3.0,755.0,142.0,4.578,26.0,660.0,-26.0442,178.381
7.5,7.0,1448.0,0.0,0.622,18.0,231.0,36.5244,70.3676
6.8,4.0,711.0,0.0,2.019,13.0,219.96,-17.0309,168.52
6.7,6.0,844.0,0.0,1.269,98.0,11.0,-35.4758,-73.163
6.6,6.0,674.0,421.0,0.0,17.7,25.0,-2.332,99.891
6.7,6.0,732.0,444.0,0.0,53.4,23.0,-13.457,-76.677
6.5,4.0,650.0,0.0,2.124,15.0,20.0,-6.2304,152.807
6.5,4.0,650.0,0.0,6.489,17.0,15.0,-56.414,-25.7432
6.8,7.0,1179.0,175.0,2.137,92.0,20.0,18.33,-102.913
6.7,5.0,726.0,0.0,3.38,17.0,152.0,-7.5082,127.921
6.8,7.0,1046.0,633.0,0.0,20.2,108.0,39.802,141.464
6.6,7.0,822.0,586.0,0.0,10.1,11.0,37.001,140.401
6.5,6.0,651.0,0.0,3.144,22.0,13.0,3.8965,126.862
7.5,6.0,1248.0,303.0,0.0,18.2,24.0,14.099,92.902
6.5,4.0,650.0,426.0,0.0,18.7,176.0,-13.571,167.227
6.9,6.0,972.0,397.0,0.0,11.0,130.0,-6.133,130.385
7.0,6.0,897.0,0.0,0.698,21.0,19.0,-37.3586,179.146
6.8,6.0,711.0,500.0,0.0,22.2,25.0,41.892,143.754
6.7,4.0,702.0,0.0,1.444,17.0,12.0,31.0009,128.873
6.7,6.0,691.0,282.0,0.0,0.0,17.0,-7.41,155.865
6.7,6.0,915.0,447.0,0.0,15.3,91.0,2.965,97.893
7.1,5.0,843.0,517.0,0.0,8.7,155.0,-6.533,129.825
6.7,6.0,691.0,556.0,0.0,55.4,32.0,42.648,144.57
6.9,5.0,739.0,0.0,1.55,16.0,15.0,-61.8484,-55.559
8.2,6.0,1237.0,0.0,0.875,66.0,46.66,55.4742,-157.917
7.3,5.0,994.0,417.0,0.0,37.0,28.0,12.139,-88.59
6.6,4.0,704.0,0.0,3.773,37.0,10.0,-49.4837,164.016
7.1,7.0,1075.0,0.0,4.29,23.0,39.0,-15.7675,-74.7092
6.8,5.0,713.0,0.0,1.421,19.0,39.0,1.9604,126.575
6.7,6.0,696.0,0.0,1.507,15.0,40.0,-5.5024,151.402
6.6,4.0,670.0,728.0,0.0,18.3,187.1,36.512,71.029
7.3,6.0,1570.0,0.0,1.822,15.0,146.82,10.7731,-62.9019
7.7,7.0,918.0,0.0,3.564,13.0,10.0,54.4434,168.857
6.7,5.0,776.0,0.0,1.319,19.0,10.0,-39.3264,-74.9067
6.8,5.0,711.0,64.0,0.0,0.0,33.0,6.631,126.899
6.7,3.0,691.0,0.0,3.745,23.0,550.0,-18.3604,-178.063
6.9,3.0,732.0,0.0,11.255,16.0,10.0,0.9604,-26.8332
6.5,4.0,669.0,0.0,1.611,63.0,10.0,49.2586,-129.412
6.5,4.0,650.0,0.0,2.109,22.0,17.0,-21.7427,169.522
6.9,6.0,736.0,531.0,0.0,20.7,41.0,50.954,157.283
7.7,9.0,912.0,472.0,0.0,0.0,16.0,23.419,70.232
7.1,7.0,780.0,377.0,0.0,15.0,10.0,-8.783,157.354
7.5,5.0,865.0,228.0,0.0,30.7,280.0,-5.859,107.419
7.4,7.0,846.0,314.0,0.0,21.1,23.0,-0.691,133.305
6.5,7.0,650.0,533.0,0.0,0.0,10.0,7.929,-82.793
6.5,5.0,668.0,0.0,3.097,11.0,112.0,-7.44,128.221
7.1,4.0,1005.0,447.0,0.0,14.2,292.0,33.167,137.944
7.5,8.0,869.0,0.0,1.295,22.0,55.0,-5.4624,151.875
6.6,3.0,671.0,0.0,4.121,19.0,591.0,-20.3641,-178.57
6.6,6.0,701.0,413.0,0.0,16.7,34.0,13.667,92.831
7.5,6.0,865.0,234.0,0.0,0.0,33.0,-4.102,123.907
7.7,9.0,1057.0,0.0,1.029,44.0,22.4,-20.5709,-70.4931
6.5,6.0,690.0,0.0,3.026,22.0,110.0,-4.455,-76.9395
6.7,7.0,691.0,370.0,0.0,15.4,16.0,-1.617,134.276
6.6,7.0,672.0,282.0,0.0,16.6,10.0,-8.726,157.487
7.0,5.0,803.0,0.0,1.769,21.0,60.21,5.8983,126.921
6.5,7.0,650.0,349.0,0.0,30.1,5.0,-35.173,-70.525
8.3,8.0,1960.0,0.0,0.684,19.0,22.44,-31.5729,-71.6744
6.7,3.0,694.0,0.0,10.669,45.0,10.0,-17.2495,66.3745
7.3,5.0,820.0,409.0,0.0,12.0,16.0,-19.702,167.947
6.5,5.0,650.0,0.0,0.778,30.0,10.0,-29.9379,-177.516
6.5,4.0,650.0,0.0,1.709,21.0,41.54,-30.9255,-178.323
6.9,4.0,732.0,0.0,4.024,22.0,11.19,-11.0559,163.696
6.7,7.0,744.0,0.0,1.352,21.0,16.0,0.4261,-79.7899
8.0,9.0,1026.0,0.0,0.0,0.0,60.5,-19.99,-173.907
6.7,7.0,1515.0,0.0,1.794,16.0,55.0,24.8036,93.6505
6.5,4.0,650.0,369.0,0.0,18.7,6.8,36.166,141.562
6.7,6.0,692.0,0.0,1.239,12.0,31.0,-5.375,151.771
6.9,5.0,733.0,127.0,0.371,45.0,10.0,-54.1325,159.027
6.7,7.0,691.0,306.0,0.0,21.3,30.1,-3.595,127.214
6.6,4.0,670.0,0.0,6.024,30.0,181.0,-16.1985,167.998
7.6,5.0,916.0,504.0,0.0,14.0,31.0,-23.043,-174.66
6.7,6.0,909.0,0.0,0.289,43.0,66.0,14.6802,-92.4527
6.6,4.0,688.0,0.0,3.259,15.0,12.0,23.5414,126.48
6.5,6.0,675.0,382.0,0.0,12.8,15.0,-9.834,159.465
6.8,5.0,711.0,499.0,0.0,0.0,14.0,23.954,122.734
6.6,7.0,670.0,548.0,0.0,28.0,19.0,60.772,165.743
6.9,6.0,732.0,531.0,0.0,14.9,110.0,-13.501,166.967
7.4,7.0,842.0,418.0,0.0,0.0,30.0,2.824,96.085
7.6,9.0,1267.0,724.0,0.0,21.1,26.0,34.539,73.588
7.3,4.0,820.0,235.0,0.0,46.6,10.0,-22.015,169.766
6.7,4.0,703.0,459.0,0.0,37.3,10.0,49.277,-128.772
7.8,8.0,961.0,0.0,1.836,13.0,40.0,-10.6812,161.327
6.6,6.0,897.0,518.0,0.0,37.2,166.2,17.208,-94.338
7.0,6.0,759.0,0.0,5.205,22.0,11.0,-10.4012,165.141
7.7,5.0,947.0,357.0,0.0,36.8,20.0,-9.284,107.419
6.5,3.0,650.0,23.0,0.0,208.8,37.0,52.502,-168.08
7.0,7.0,768.0,117.0,0.509,17.0,14.0,-9.7963,159.596
7.5,7.0,1145.0,0.0,2.045,15.0,145.0,-2.1862,-77.0505
6.7,6.0,749.0,592.0,0.0,24.9,33.0,39.955,142.205
6.8,5.0,1211.0,112.0,0.6568,229.0,16.441,40.8287,-125.134
7.0,7.0,754.0,690.0,0.0,19.1,68.0,38.849,141.568
8.4,8.0,1086.0,518.0,0.0,0.0,33.0,-16.265,-73.641
6.5,5.0,650.0,0.0,1.937,18.0,12.26,-10.8416,161.314
7.3,6.0,982.0,0.0,1.078,18.0,40.0,12.5262,-88.1225
6.8,6.0,717.0,401.0,0.0,23.2,26.0,-3.762,100.991
7.3,9.0,2790.0,0.0,0.284,33.0,19.0,34.9109,45.9592
6.6,5.0,670.0,353.0,0.0,31.9,16.1,8.879,92.375
7.7,6.0,971.0,0.0,3.294,14.0,196.0,18.5429,145.507
7.2,7.0,827.0,0.0,1.116,18.0,22.0,38.2107,72.7797
7.2,8.0,820.0,708.0,0.0,50.2,15.0,4.695,-77.508
7.0,8.0,2504.0,0.0,0.07,43.0,20.0,16.9502,-99.7877
6.8,6.0,1034.0,0.0,1.065,38.0,38.12,13.7174,-90.9718
6.8,6.0,738.0,0.0,1.921,16.0,96.0,-6.7762,129.785
6.7,4.0,698.0,0.0,1.487,37.0,11.0,0.1684,96.6475
7.0,4.0,763.0,0.0,2.705,26.0,10.0,-22.5732,170.349
6.5,7.0,650.0,482.0,0.0,0.0,5.0,38.573,31.271
6.6,6.0,674.0,229.0,0.0,16.6,10.0,-3.518,144.828
6.5,5.0,810.0,491.0,0.0,27.0,32.0,37.745,141.59
6.9,7.0,1079.0,0.0,0.263,51.0,53.0,14.724,-92.4614
6.6,5.0,677.0,0.0,0.761,20.0,135.0,11.642,-85.8779
6.6,4.0,738.0,0.0,0.789,17.0,212.0,36.4725,71.1311
6.8,6.0,719.0,445.0,0.0,13.0,79.0,-10.375,161.2
6.7,6.0,717.0,656.0,0.0,21.2,19.0,-1.644,99.607
7.1,8.0,1114.0,446.0,0.0,17.7,42.0,38.276,141.588
6.9,4.0,735.0,0.0,2.785,18.0,115.0,-31.7447,-179.373
6.7,3.0,691.0,0.0,2.958,11.0,573.0,53.1995,152.786
7.2,7.0,803.0,494.0,0.0,20.4,120.0,-15.595,167.68
6.5,7.0,652.0,0.0,4.518,44.0,10.0,-16.4796,-177.356
7.3,5.0,1014.0,918.0,0.0,14.8,31.0,37.89,143.949
8.1,5.0,1009.0,331.0,0.0,59.3,10.0,-49.312,161.345
6.5,8.0,740.0,0.0,4.139,30.0,9.0,11.1269,124.629
6.6,6.0,677.0,305.0,0.0,20.4,18.0,-8.207,118.631
6.5,6.0,650.0,477.0,0.0,20.3,34.0,-5.724,151.133
6.7,7.0,691.0,256.0,0.0,33.3,25.7,-3.665,135.339
6.8,7.0,711.0,431.0,0.0,38.4,40.2,-4.694,153.238
7.2,7.0,798.0,428.0,0.0,17.5,28.0,-45.104,167.144
6.9,6.0,737.0,0.0,1.747,26.0,19.73,-10.749,161.132
6.8,5.0,713.0,0.0,7.495,19.0,169.0,-14.5884,167.377
6.5,7.0,650.0,305.0,0.0,39.0,13.4,-0.443,133.091
7.1,6.0,776.0,550.0,0.0,0.0,32.8,24.279,122.179
6.6,7.0,753.0,295.0,0.0,52.8,22.0,-38.067,-73.31
6.7,7.0,1016.0,0.0,0.727,13.0,22.91,27.7711,86.0173
6.5,5.0,665.0,526.0,0.0,18.3,105.0,13.925,120.534
6.9,7.0,1206.0,0.0,2.453,31.0,21.0,-8.319,116.627
7.1,5.0,776.0,569.0,0.0,18.1,201.7,-6.527,129.933
7.7,8.0,912.0,0.0,8.05,23.0,10.0,-60.2738,-46.4011
6.9,6.0,941.0,645.0,0.0,30.6,29.0,36.501,21.67
6.5,7.0,670.0,0.0,0.828,82.0,24.07,-20.3113,-70.5756
6.6,7.0,670.0,0.0,0.0,0.0,4.2,63.5144,-147.912
7.1,5.0,776.0,550.0,0.0,18.4,10.0,-11.183,164.882
6.9,4.0,855.0,0.0,1.796,20.0,10.0,11.9097,-88.8968
7.3,4.0,826.0,0.0,4.493,32.0,527.0,-21.1036,174.895
7.0,7.0,755.0,307.0,0.0,18.1,18.0,-2.174,136.543
6.8,3.0,713.0,0.0,0.803,12.0,476.0,-3.6849,152.792
6.6,7.0,672.0,445.0,0.0,11.0,13.0,-3.214,142.542
6.8,5.0,719.0,701.0,0.0,16.3,12.0,0.093,97.05
6.9,7.0,780.0,0.0,1.192,17.0,29.95,0.4947,-79.616
6.9,8.0,1562.0,383.0,0.0,13.0,50.0,27.73,88.155
6.9,6.0,1188.0,0.0,0.247,35.0,93.0,14.9091,-92.0092
6.8,6.0,711.0,0.0,5.79,9.0,35.0,-6.4456,154.931
6.7,9.0,1247.0,0.0,0.87,49.0,10.0,38.4312,39.0609
7.3,3.0,849.0,0.0,3.813,18.0,627.17,4.4782,122.617
6.9,7.0,734.0,0.0,0.444,39.0,29.0,52.376,-169.446
6.9,4.0,735.0,99.0,2.229,34.0,25.0,-4.9559,100.738
6.8,6.0,741.0,0.0,4.107,18.0,101.0,-14.598,-73.5714
7.2,9.0,2910.0,10.0,0.5137,239.0,9.987,32.2862,-115.295
6.5,7.0,650.0,247.0,0.0,28.7,33.0,-8.294,120.743
6.7,6.0,691.0,529.0,0.0,22.3,27.4,39.533,73.824
6.5,6.0,650.0,317.0,0.0,14.2,28.0,-6.598,148.174
7.0,7.0,1175.0,312.0,0.0,16.3,46.0,-7.782,107.297
6.7,6.0,717.0,0.0,0.281,22.0,46.0,41.9723,142.781
7.3,4.0,820.0,117.0,0.0,24.0,385.5,-3.917,153.927
7.1,5.0,776.0,0.0,7.043,20.0,133.0,-58.5446,-26.3856
8.2,6.0,1213.0,341.0,0.0,14.9,25.1,0.802,92.463
6.5,5.0,683.0,464.0,0.0,48.8,29.0,38.089,142.122
6.5,5.0,651.0,0.0,17.654,23.0,17.0,-54.2189,2.1628
6.9,4.0,734.0,0.0,8.363,48.0,16.7,-58.3814,-23.3318
6.9,5.0,732.0,0.0,0.828,119.0,28.42,-19.8927,-70.9455
7.2,6.0,798.0,0.0,5.803,24.0,78.0,-56.2409,-26.9353
6.5,6.0,650.0,206.0,0.0,0.0,33.0,-4.029,128.02
6.6,5.0,675.0,529.0,0.0,15.7,134.7,-18.685,-174.705
6.6,6.0,808.0,461.0,0.0,18.8,20.0,-39.011,178.291
7.9,4.0,1870.0,0.0,2.585,30.0,14.06,56.0039,-149.166
7.0,6.0,757.0,396.0,0.0,12.7,44.0,-5.746,150.765
6.9,6.0,732.0,117.0,0.0,0.0,28.0,-4.022,101.776
6.8,7.0,711.0,398.0,0.0,39.1,33.0,-30.608,-71.637
7.6,7.0,889.0,398.0,0.0,0.0,33.0,-17.543,-72.077
7.1,7.0,846.0,0.0,1.273,25.0,55.14,6.4547,126.742
6.6,6.0,709.0,640.0,0.0,10.1,118.0,-6.242,145.955
6.9,7.0,740.0,635.0,0.0,26.0,30.0,1.989,97.041
6.5,4.0,681.0,0.0,1.635,30.0,14.83,14.6682,-58.9272
7.1,4.0,776.0,0.0,9.799,32.0,6.0,-60.3026,-24.9992
7.0,6.0,760.0,0.0,1.362,12.0,552.06,-7.2968,122.535
7.0,6.0,754.0,473.0,0.0,30.3,31.0,2.354,128.855
6.7,3.0,691.0,0.0,7.527,17.0,13.0,-43.1219,42.3568
6.6,8.0,670.0,645.0,0.0,28.4,11.0,60.491,167.516
7.8,7.0,946.0,379.0,0.0,23.0,20.1,-3.487,100.082
6.6,4.0,675.0,0.0,2.792,31.0,10.0,6.8431,94.648
6.8,3.0,711.0,131.0,0.0,18.0,602.2,18.728,145.288
6.5,8.0,650.0,555.0,0.0,0.0,10.0,35.626,49.047
8.0,8.0,1890.0,0.0,3.18,17.0,122.57,-5.8119,-75.2697
7.0,7.0,754.0,367.0,0.0,33.0,16.6,-3.615,135.538
6.9,3.0,733.0,0.0,6.012,19.0,414.5,-23.2593,-178.804
6.9,6.0,761.0,0.0,0.784,32.0,12.0,-29.5067,-72.0068
7.0,5.0,761.0,192.0,2.977,45.0,137.0,-21.2077,170.239
7.6,8.0,889.0,579.0,0.0,18.5,22.0,60.949,167.089
7.8,9.0,1545.0,0.0,0.481,21.0,15.11,-42.7373,173.054
7.3,5.0,972.0,550.0,0.0,17.4,32.0,38.435,142.842
6.6,5.0,673.0,668.0,0.0,9.5,25.7,39.241,142.463
7.0,6.0,771.0,0.0,0.617,14.0,10.0,-21.3246,168.671
6.9,3.0,733.0,0.0,4.051,9.0,596.4,-19.7819,-178.244
6.7,7.0,691.0,250.0,0.0,0.0,10.0,-1.511,133.973
7.5,6.0,1425.0,0.0,0.0,0.0,8.7,55.228,-134.859
6.6,6.0,670.0,0.0,2.666,22.0,10.0,-11.1284,162.052
6.5,7.0,653.0,282.0,0.0,46.3,12.0,-27.211,-71.056
7.0,6.0,754.0,482.0,0.0,0.0,37.0,12.686,144.98
6.8,6.0,981.0,0.0,1.802,17.0,82.0,20.9228,94.569
6.6,6.0,754.0,0.0,0.0,0.0,131.8,58.775,-154.701
6.8,6.0,762.0,0.0,0.0,0.0,72.6,56.594,-156.43
7.4,7.0,914.0,607.0,0.0,16.4,26.0,2.768,95.964
6.8,5.0,732.0,597.0,0.0,12.6,198.0,-5.462,147.117
7.6,8.0,1639.0,498.0,0.0,14.0,81.0,-0.72,99.867
7.4,7.0,1542.0,663.0,0.0,13.4,156.0,14.944,-61.274
7.1,9.0,1646.0,77.0,0.04616,43.0,8.0,35.7695,-117.599
6.5,8.0,650.0,483.0,0.0,0.0,10.0,39.059,24.244
8.1,7.0,1009.0,0.0,7.463,78.0,22.79,-58.4157,-25.3206
7.5,5.0,1144.0,514.0,0.0,18.6,35.0,7.881,91.936
6.5,5.0,721.0,529.0,0.0,20.5,224.6,36.357,71.093
7.4,6.0,842.0,0.0,2.885,17.0,39.0,-11.4633,162.051
7.0,6.0,758.0,0.0,0.624,53.0,29.0,51.537,-175.23
